{
    "Счастливый хвостик": [
        58.058403,
        56.217729
    ],
    "Верность": [
        57.956493,
        56.272787
    ],
    "Доброе сердце": [
        57.918687,
        55.929163
    ],
    "Закамский приют для собак": [
        58.01456,
        55.94333
    ],
    "Муниципальный приют": [
        58.068719,
        56.343179
    ],
    "Рыжий пес": [
        58.008786,
        56.198874
    ],
    "Матроскин": [
        58.01486,
        56.229237
    ]
}